source,query,hits,screened,full_text,included
PubMed,(ketamine OR esketamine OR psilocybin) AND (electroconvulsive OR ECT) AND (cost* OR ICER OR QALY),23,23,10,6
Embase,ketamine AND ECT AND (econom* OR budget),18,18,6,3
PsycINFO,psilocybin AND ECT AND cost,7,7,3,1
EconLit,depression AND ketamine OR esketamine cost-effectiveness,9,9,4,2
Cochrane/WoS/Scopus,TRD AND (ECT OR electroconvulsive) AND (ketamine OR esketamine) AND cost,12,12,3,2
ClinicalTrials.gov/ANZCTR,(ketamine OR esketamine OR psilocybin) AND depression AND Australia OR New Zealand,6,6,2,1
HTA/Policy (PBAC/MSAC),Esketamine TRD PBAC Public Summary Document,4,4,4,4
PHARMAC/PTAC,Esketamine TRD PTAC minutes New Zealand,2,2,2,2
"Grey (ISPOR, AIHW, IHPA, WIESNZ)",ECT cost Australia IHPA AR-DRG; WIESNZ casemix cost ECT,4,4,2,1
